<?xml version="1.0" encoding="UTF-8"?>
<project-private xmlns="http://www.netbeans.org/ns/project-private/1">
    <editor-bookmarks xmlns="http://www.netbeans.org/ns/editor-bookmarks/2" lastBookmarkId="0"/>
    <open-files xmlns="http://www.netbeans.org/ns/projectui-open-files/2">
        <group>
            <file>file:/Users/stephanie.torisu/Downloads/MadrugaSounds-poo2/MadrugaSounds/src/gui/VendedorGUI.java</file>
            <file>file:/Users/stephanie.torisu/Downloads/MadrugaSounds-poo2/MadrugaSounds/src/gui/PrincipalGUI.java</file>
            <file>file:/Users/stephanie.torisu/Downloads/MadrugaSounds-poo2/MadrugaSounds/src/gui/GerenteGUI.java</file>
            <file>file:/Users/stephanie.torisu/Downloads/MadrugaSounds-poo2/MadrugaSounds/src/gui/VendeGUI.java</file>
            <file>file:/Users/stephanie.torisu/Downloads/MadrugaSounds-poo2/MadrugaSounds/src/gui/ProdutoGUI.java</file>
        </group>
    </open-files>
</project-private>
